order_date,order_count,subtotal,tax_amount,shipping_cost,discount_amount,total_revenue
2024-01-01,1,195520.36,9776.02,3844.74,9776.02,199365.10
2024-01-03,1,214.97,10.75,1.72,0.00,227.44
2024-01-03,1,14453.63,1734.44,142.64,0.00,16330.71
2024-01-03,1,1154.76,138.57,41.61,0.00,1334.94
2024-01-03,1,817.94,147.23,44.20,0.00,1009.37
2024-01-03,1,3460.08,173.00,124.03,103.80,3653.31
2024-01-04,1,9319.61,1677.53,16.04,0.00,11013.18
2024-01-04,1,42748.52,2137.43,23.87,0.00,44909.82
2024-01-05,1,7371.49,368.57,173.21,0.00,7913.27
2024-01-05,1,168967.35,30414.12,365.58,0.00,199747.05
2024-01-06,1,517980.69,93236.52,1110.91,15539.42,596788.70
2024-01-06,1,750.02,135.00,4.55,37.50,852.07
2024-01-07,1,1683.34,303.00,42.13,0.00,2028.47
2024-01-08,1,2749.64,329.96,14.95,82.49,3012.06
2024-01-09,1,537798.59,26889.93,277.94,16133.96,548832.50
2024-01-10,1,937203.48,112464.42,1301.01,28116.10,1022852.81
2024-01-11,1,4142.87,207.14,20.93,207.14,4163.80
2024-01-11,1,2313.22,277.59,35.66,69.40,2557.07
2024-01-13,1,682.83,81.94,62.81,34.14,793.44
2024-01-13,1,3682.10,441.85,26.64,0.00,4150.59
2024-01-13,1,192.91,9.65,17.95,0.00,220.51
2024-01-14,1,731.04,131.59,35.03,0.00,897.66
2024-01-14,1,934859.15,112183.10,68.13,0.00,1047110.38
2024-01-14,1,449695.05,80945.11,783.28,0.00,531423.44
2024-01-14,1,6651.05,332.55,29.20,332.55,6680.25
2024-01-15,1,8761.91,1051.43,23.85,438.10,9399.09
2024-01-15,1,1156654.75,208197.85,3986.82,0.00,1368839.42
2024-01-15,1,10739.69,536.98,17.13,536.98,10756.82
2024-01-16,1,8678.81,433.94,48.40,0.00,9161.15
2024-01-17,1,424054.70,76329.85,1288.30,12721.64,488951.21
2024-01-18,1,13903.17,695.16,166.52,0.00,14764.85
2024-01-18,1,5022.90,904.12,108.72,0.00,6035.74
2024-01-18,1,6903.02,345.15,13.42,207.09,7054.50
2024-01-18,1,3690.95,442.91,3.21,0.00,4137.07
2024-01-18,1,452347.92,81422.63,2526.05,22617.40,513679.20
2024-01-19,1,7091.62,850.99,40.98,0.00,7983.59
2024-01-19,1,2308.51,415.53,27.44,0.00,2751.48
2024-01-20,1,2864.00,515.52,35.72,85.92,3329.32
2024-01-20,1,20904.58,3762.82,8.69,627.14,24048.95
2024-01-20,1,18706.80,3367.22,167.18,561.20,21680.00
2024-01-21,1,15181.19,1821.74,30.53,0.00,17033.46
2024-01-22,1,4286.83,771.63,62.37,214.34,4906.49
2024-01-22,1,7901.35,948.16,13.86,0.00,8863.37
2024-01-22,1,1809.60,90.48,33.63,90.48,1843.23
2024-01-22,1,7590.70,1366.33,26.72,0.00,8983.75
2024-01-23,1,16114.99,805.75,144.47,483.45,16581.76
2024-01-23,1,229362.71,41285.29,1619.91,0.00,272267.91
2024-01-23,1,7726.40,927.17,24.58,231.79,8446.36
2024-01-23,1,89569.13,16122.44,3310.69,4478.46,104523.80
2024-01-23,1,631372.86,113647.11,914.74,31568.64,714366.07
2024-01-24,1,7255.94,362.80,12.94,0.00,7631.68
2024-01-24,1,23922.64,4306.08,181.69,0.00,28410.41
2024-01-24,1,7267.75,872.13,22.08,0.00,8161.96
2024-01-24,1,2262.66,113.13,26.87,0.00,2402.66
2024-01-24,1,5289.24,634.71,45.08,0.00,5969.03
2024-01-25,1,17718.40,885.92,58.52,531.55,18131.29
2024-01-25,1,9998.15,1199.78,4.73,0.00,11202.66
2024-01-25,1,548.01,27.40,39.27,0.00,614.68
2024-01-26,1,346055.63,62290.01,3282.09,17302.78,394324.95
2024-01-26,1,4516.02,541.92,47.63,225.80,4879.77
2024-01-26,1,13048.89,652.44,23.26,0.00,13724.59
2024-01-27,1,24635.24,2956.23,134.47,1231.76,26494.18
2024-01-27,1,6424.71,770.97,19.14,0.00,7214.82
2024-01-27,1,1452.07,174.25,3.46,43.56,1586.22
2024-01-27,1,6098.51,1097.73,13.54,182.96,7026.82
2024-01-27,1,1759.96,211.20,1.27,0.00,1972.43
2024-01-28,1,3248.36,162.42,43.12,0.00,3453.90
2024-01-29,1,9423.28,1696.19,7.76,471.16,10656.07
2024-01-30,1,5416.75,650.01,46.27,0.00,6113.03
2024-01-30,1,10598.72,529.94,43.59,317.96,10854.29
2024-01-30,1,1432.73,71.64,2.41,42.98,1463.80
2024-01-31,1,8395.72,1007.49,19.71,419.79,9003.13
2024-01-31,1,19889.94,994.50,107.97,0.00,20992.41
2024-01-31,1,4185.93,502.31,107.20,0.00,4795.44
2024-01-31,1,15774.74,1892.97,0.30,473.24,17194.77
2024-02-01,1,2000.02,240.00,19.80,0.00,2259.82
2024-02-02,1,1494.62,179.35,8.19,74.73,1607.43
2024-02-03,1,1564.24,281.56,25.52,0.00,1871.32
2024-02-03,1,233023.58,27962.83,3397.86,6990.71,257393.56
2024-02-04,1,5208.98,625.08,65.47,156.27,5743.26
2024-02-04,1,3137.25,156.86,36.08,0.00,3330.19
2024-02-05,1,3045.78,152.29,1.55,91.37,3108.25
2024-02-05,1,56712.39,2835.62,2363.34,0.00,61911.35
2024-02-06,1,25593.77,4606.88,74.93,0.00,30275.58
2024-02-07,1,5067.01,608.04,14.74,152.01,5537.78
2024-02-07,1,2631.70,473.71,126.78,0.00,3232.19
2024-02-08,1,10370.27,1244.43,10.97,0.00,11625.67
2024-02-08,1,13781.89,2480.74,54.26,0.00,16316.89
2024-02-10,1,572556.50,28627.83,3875.35,28627.83,576431.85
2024-02-10,1,8362.98,1003.56,159.28,0.00,9525.82
2024-02-10,1,10213.02,1225.56,33.45,0.00,11472.03
2024-02-10,1,3145.59,566.21,5.94,94.37,3623.37
2024-02-11,1,6651.12,1197.20,0.06,332.56,7515.82
2024-02-11,1,1159.76,139.17,31.79,0.00,1330.72
2024-02-11,1,9975.97,498.80,27.57,0.00,10502.34
2024-02-11,1,7810.57,937.27,5.23,234.32,8518.75
2024-02-11,1,6682.97,801.96,18.27,334.15,7169.05
2024-02-12,1,769.78,38.49,4.83,23.09,790.01
2024-02-12,1,36.85,6.63,35.91,0.00,79.39
2024-02-12,1,1010.23,181.84,1.95,30.31,1163.71
2024-02-12,1,2000.30,100.02,12.47,60.01,2052.78
2024-02-13,1,8082.38,404.12,15.59,0.00,8502.09
2024-02-13,1,2405.70,120.28,31.23,0.00,2557.21
2024-02-14,1,4921.52,590.58,23.94,147.65,5388.39
2024-02-15,1,296585.70,53385.43,2112.04,8897.57,343185.60
2024-02-15,1,202548.81,24305.86,3050.05,10127.44,219777.28
2024-02-15,1,10045.35,1808.16,18.95,502.27,11370.19
2024-02-16,1,3024.42,151.22,39.87,0.00,3215.51
2024-02-17,1,6906.05,828.73,28.75,0.00,7763.53
2024-02-18,1,3771.06,188.55,42.95,188.55,3814.01
2024-02-18,1,272604.50,32712.54,2836.43,0.00,308153.47
2024-02-19,1,601680.00,30084.00,702.82,18050.40,614416.42
2024-02-20,1,808.29,145.49,13.52,0.00,967.30
2024-02-20,1,994.47,119.34,32.87,0.00,1146.68
2024-02-21,1,16014.64,2882.64,35.11,0.00,18932.39
2024-02-22,1,3357.14,402.86,33.19,100.71,3692.48
2024-02-22,1,40301.15,7254.21,133.76,0.00,47689.12
2024-02-22,1,7347.16,1322.49,9.46,0.00,8679.11
2024-02-22,1,5672.69,1021.08,16.36,283.63,6426.50
2024-02-23,1,626421.73,112755.91,2973.92,31321.09,710830.47
2024-02-23,1,4906.64,245.33,18.03,0.00,5170.00
2024-02-23,1,19454.77,3501.86,124.03,583.64,22497.02
2024-02-23,1,290744.13,52333.94,712.35,0.00,343790.42
2024-02-23,1,94.82,11.38,15.40,2.84,118.76
2024-02-23,1,26151.21,3138.15,102.38,0.00,29391.74
2024-02-24,1,9390.09,1126.81,16.94,281.70,10252.14
2024-02-24,1,8644.64,432.23,38.26,0.00,9115.13
2024-02-24,1,18752.08,2250.25,1316.63,0.00,22318.96
2024-02-25,1,3808.37,685.51,29.55,0.00,4523.43
2024-02-25,1,411.08,49.33,0.22,12.33,448.30
2024-02-25,1,6960.98,835.32,39.26,208.83,7626.73
2024-02-25,1,438507.73,78931.39,2509.59,21925.39,498023.32
2024-02-26,1,1804.50,216.54,9.35,0.00,2030.39
2024-02-26,1,40330.49,7259.49,163.13,0.00,47753.11
2024-02-28,1,14218.47,1706.22,27.15,426.55,15525.29
2024-02-28,1,821769.48,98612.34,824.62,0.00,921206.44
2024-03-01,1,141163.24,16939.59,649.60,0.00,158752.43
2024-03-01,1,647.73,116.59,7.61,19.43,752.50
2024-03-01,1,2752.83,495.51,41.95,137.64,3152.65
2024-03-02,1,9332.95,1119.95,41.36,0.00,10494.26
2024-03-03,1,114.95,20.69,81.44,0.00,217.08
2024-03-03,1,9312.93,1117.55,8.36,0.00,10438.84
2024-03-03,1,637.92,76.55,7.72,19.14,703.05
2024-03-05,1,408015.91,20400.80,814.52,12240.48,416990.75
2024-03-06,1,6000.63,1080.11,14.84,300.03,6795.55
2024-03-06,1,636.32,31.82,37.15,19.09,686.20
2024-03-07,1,842956.13,151732.10,307.39,42147.81,952847.81
2024-03-07,1,2026.05,364.69,30.95,101.30,2320.39
2024-03-07,1,6929.76,346.49,85.41,0.00,7361.66
2024-03-07,1,423805.42,21190.27,3417.75,0.00,448413.44
2024-03-07,1,3755.90,450.71,8.84,187.80,4027.65
2024-03-08,1,5899.48,294.97,13.37,0.00,6207.82
2024-03-08,1,5469.83,273.49,47.34,0.00,5790.66
2024-03-09,1,3273.94,589.31,41.61,0.00,3904.86
2024-03-09,1,111.20,20.02,5.08,5.56,130.74
2024-03-09,1,108061.59,12967.39,3994.45,3241.85,121781.58
2024-03-10,1,774018.80,92882.26,1537.04,0.00,868438.10
2024-03-10,1,4382.46,788.84,106.91,219.12,5059.09
2024-03-11,1,7153.00,858.36,16.13,0.00,8027.49
2024-03-11,1,1317.40,237.13,38.67,0.00,1593.20
2024-03-11,1,6106.34,1099.14,22.33,0.00,7227.81
2024-03-11,1,6282.83,314.14,36.19,0.00,6633.16
2024-03-12,1,1129.03,135.48,15.37,56.45,1223.43
2024-03-12,1,10981.77,1976.72,9.87,549.09,12419.27
2024-03-13,1,4449.37,800.89,39.60,222.47,5067.39
2024-03-13,1,2798.01,335.76,36.56,0.00,3170.33
2024-03-13,1,198580.23,9929.01,331.60,0.00,208840.84
2024-03-13,1,3038.09,546.86,31.23,91.14,3525.04
2024-03-16,1,5452.29,981.41,49.98,0.00,6483.68
2024-03-16,1,78515.27,3925.76,622.80,0.00,83063.83
2024-03-17,1,4557.95,820.43,108.18,0.00,5486.56
2024-03-17,1,7861.39,1415.05,32.60,0.00,9309.04
2024-03-18,1,39.66,7.14,44.13,1.19,89.74
2024-03-19,1,7496.93,374.85,10.81,0.00,7882.59
2024-03-19,1,55241.36,2762.07,4118.38,2762.07,59359.74
2024-03-20,1,16107.54,1932.90,153.79,0.00,18194.23
2024-03-20,1,6786.19,1221.51,25.21,0.00,8032.91
2024-03-21,1,6661.91,799.43,106.73,333.10,7234.97
2024-03-21,1,4138.35,206.92,12.77,0.00,4358.04
2024-03-21,1,11379.75,568.99,35.62,568.99,11415.37
2024-03-23,1,1112.92,55.65,89.68,0.00,1258.25
2024-03-24,1,9433.98,1698.12,31.63,0.00,11163.73
2024-03-24,1,1052.21,189.40,40.77,31.57,1250.81
2024-03-25,1,9686.18,1162.34,44.12,484.31,10408.33
2024-03-25,1,2088.79,250.65,57.76,104.44,2292.76
2024-03-25,1,8438.68,421.93,53.39,0.00,8914.00
2024-03-25,1,3586.76,430.41,44.73,179.34,3882.56
2024-03-27,1,1520.37,273.67,39.07,0.00,1833.11
2024-03-27,1,27579.94,1379.00,123.88,827.40,28255.42
2024-03-27,1,2942.23,529.60,10.50,0.00,3482.33
2024-03-28,1,5374.64,967.44,176.91,0.00,6518.99
2024-03-28,1,443862.03,53263.44,139.21,0.00,497264.68
2024-03-28,1,56985.83,10257.45,523.32,0.00,67766.60
2024-03-28,1,4602.48,552.30,8.12,0.00,5162.90
2024-03-28,1,25636.85,4614.63,146.15,0.00,30397.63
2024-03-29,1,2181.56,261.79,52.87,0.00,2496.22
2024-03-29,1,3678.17,183.91,26.26,0.00,3888.34
2024-03-30,1,8617.04,430.85,4.94,0.00,9052.83
2024-03-31,1,6699.61,1205.93,57.50,200.99,7762.05
2024-03-31,1,583294.64,29164.73,3100.03,0.00,615559.40
2024-04-01,1,306122.98,15306.15,3717.91,15306.15,309840.89
2024-04-01,1,3002.42,360.29,44.10,0.00,3406.81
2024-04-01,1,5283.62,264.18,16.64,0.00,5564.44
2024-04-02,1,10330.69,1859.52,35.73,0.00,12225.94
2024-04-03,1,7957.73,1432.39,14.79,397.89,9007.02
2024-04-03,1,471.00,84.78,31.08,14.13,572.73
2024-04-03,1,8529.68,426.48,44.62,255.89,8744.89
2024-04-04,1,3115.32,560.76,20.25,0.00,3696.33
2024-04-04,1,6984.40,1257.19,2.42,0.00,8244.01
2024-04-05,1,11618.62,1394.23,63.35,348.56,12727.64
2024-04-05,1,7847.50,392.38,17.13,392.38,7864.63
2024-04-06,1,2848.20,512.68,5.86,0.00,3366.74
2024-04-06,1,241698.63,43505.75,231.58,0.00,285435.96
2024-04-06,1,5528.30,276.42,33.13,0.00,5837.85
2024-04-08,1,3998.38,719.71,130.13,119.95,4728.27
2024-04-09,1,6174.33,1111.38,8.60,0.00,7294.31
2024-04-12,1,3934.47,472.14,40.78,0.00,4447.39
2024-04-12,1,5207.87,260.39,16.65,156.24,5328.67
2024-04-12,1,8515.92,1532.87,22.39,0.00,10071.18
2024-04-13,1,32938.61,5928.95,81.69,1646.93,37302.32
2024-04-13,1,2643.86,132.19,40.40,79.32,2737.13
2024-04-13,1,2485.59,124.28,45.84,0.00,2655.71
2024-04-14,1,380.66,45.68,13.86,19.03,421.17
2024-04-15,1,3521.97,176.10,37.08,0.00,3735.15
2024-04-15,1,13394.86,2411.07,158.44,0.00,15964.37
2024-04-15,1,874586.12,157425.50,3866.85,0.00,1035878.47
2024-04-16,1,3827.70,459.32,44.83,191.39,4140.46
2024-04-16,1,18085.90,3255.46,167.29,0.00,21508.65
2024-04-17,1,3672.93,183.65,37.41,0.00,3893.99
2024-04-17,1,2837.48,340.50,16.49,0.00,3194.47
2024-04-17,1,5287.62,264.38,22.66,0.00,5574.66
2024-04-17,1,6724.20,336.21,26.59,0.00,7087.00
2024-04-18,1,302.71,15.14,131.43,0.00,449.28
2024-04-18,1,236027.52,28323.30,3213.53,0.00,267564.35
2024-04-19,1,7724.82,926.98,35.49,386.24,8301.05
2024-04-20,1,8496.75,1019.61,34.78,254.90,9296.24
2024-04-21,1,4729.16,567.50,32.47,141.87,5187.26
2024-04-23,1,10390.93,519.55,92.90,519.55,10483.83
2024-04-23,1,8150.15,407.51,27.56,0.00,8585.22
2024-04-23,1,15628.34,2813.10,41.16,0.00,18482.60
2024-04-23,1,3039.61,151.98,27.79,0.00,3219.38
2024-04-24,1,6052.29,302.61,35.28,181.57,6208.61
2024-04-24,1,2938.54,352.62,16.99,88.16,3219.99
2024-04-24,1,28298.48,3395.82,99.85,1414.92,30379.23
2024-04-24,1,334018.59,60123.35,3119.00,0.00,397260.94
2024-04-25,1,11992.70,2158.69,11.27,359.78,13802.88
2024-04-26,1,6728.72,807.45,41.92,336.44,7241.65
2024-04-26,1,5486.57,658.39,13.31,0.00,6158.27
2024-04-27,1,11104.36,1332.52,46.19,333.13,12149.94
2024-04-27,1,7487.17,898.46,56.31,0.00,8441.94
2024-04-28,1,152.57,18.31,22.03,0.00,192.91
2024-04-28,1,9704.10,1746.74,124.26,0.00,11575.10
2024-04-29,1,740017.08,133203.07,2765.60,37000.85,838984.90
2024-04-30,1,3900.96,702.17,9.41,195.05,4417.49
2024-04-30,1,5749.89,1034.98,51.87,172.50,6664.24
2024-04-30,1,9905.75,1188.69,26.28,0.00,11120.72
2024-05-01,1,647.15,32.36,1.31,0.00,680.82
2024-05-03,1,12748.57,2294.74,16.13,0.00,15059.44
2024-05-04,1,6063.02,1091.34,21.13,181.89,6993.60
2024-05-06,1,5569.03,668.28,32.59,167.07,6102.83
2024-05-07,1,7184.58,862.15,22.56,0.00,8069.29
2024-05-07,1,1400.94,70.05,21.00,0.00,1491.99
2024-05-07,1,1954.66,97.73,61.43,97.73,2016.09
2024-05-08,1,5201.17,260.06,17.38,156.04,5322.57
2024-05-09,1,2040.80,102.04,2.02,102.04,2042.82
2024-05-09,1,9089.32,1636.08,31.89,272.68,10484.61
2024-05-09,1,7958.30,1432.49,30.86,0.00,9421.65
2024-05-10,1,203386.53,36609.58,3618.27,0.00,243614.38
2024-05-11,1,790.99,39.55,23.65,0.00,854.19
2024-05-11,1,510.34,25.52,26.67,0.00,562.53
2024-05-11,1,3022.09,362.65,9.86,151.10,3243.50
2024-05-13,1,4266.16,213.31,6.20,127.98,4357.69
2024-05-14,1,5750.07,1035.01,32.17,172.50,6644.75
2024-05-14,1,4005.01,720.90,41.73,120.15,4647.49
2024-05-14,1,390732.36,19536.62,270.17,0.00,410539.15
2024-05-16,1,10694.90,534.75,1.47,534.75,10696.37
2024-05-16,1,1867.46,93.37,22.77,56.02,1927.58
2024-05-16,1,121860.12,6093.01,3639.34,0.00,131592.47
2024-05-16,1,9754.52,1170.54,8.93,487.73,10446.26
2024-05-17,1,12540.05,1504.81,47.75,627.00,13465.61
2024-05-18,1,5941.49,297.07,65.61,178.24,6125.93
2024-05-18,1,2683.23,321.99,36.63,134.16,2907.69
2024-05-18,1,1439.18,71.96,7.08,0.00,1518.22
2024-05-18,1,2026.70,101.33,18.30,0.00,2146.33
2024-05-19,1,7809.44,1405.70,28.35,390.47,8853.02
2024-05-19,1,2477.53,297.30,18.17,0.00,2793.00
2024-05-19,1,2824.13,338.90,41.21,0.00,3204.24
2024-05-19,1,7255.60,1306.01,8.94,0.00,8570.55
2024-05-20,1,5335.14,960.33,28.12,0.00,6323.59
2024-05-20,1,9637.43,1156.49,15.88,481.87,10327.93
2024-05-20,1,1139.40,56.97,11.36,34.18,1173.55
2024-05-21,1,7704.32,385.22,1.59,385.22,7705.91
2024-05-21,1,2019.76,242.37,48.29,0.00,2310.42
2024-05-21,1,508508.12,61020.97,3779.44,25425.41,547883.12
2024-05-21,1,9539.42,476.97,9.93,0.00,10026.32
2024-05-22,1,13798.31,1655.80,179.60,413.95,15219.76
2024-05-22,1,83546.27,10025.55,3116.26,0.00,96688.08
2024-05-23,1,5292.00,952.56,38.41,158.76,6124.21
2024-05-24,1,15772.97,1892.76,42.66,0.00,17708.39
2024-05-24,1,9615.66,480.78,25.31,0.00,10121.75
2024-05-24,1,13670.40,683.52,20.35,0.00,14374.27
2024-05-24,1,8119.03,974.28,43.82,405.95,8731.18
2024-05-24,1,115.40,5.77,26.44,5.77,141.84
2024-05-24,1,5173.20,931.18,47.74,0.00,6152.12
2024-05-25,1,7742.32,929.08,125.88,0.00,8797.28
2024-05-25,1,1529.86,183.58,28.54,0.00,1741.98
2024-05-26,1,988.54,49.43,3.18,49.43,991.72
2024-05-26,1,7872.98,393.65,8.35,236.19,8038.79
2024-05-26,1,2485.87,447.46,7.66,124.29,2816.70
2024-05-27,1,12581.27,1509.75,13.32,0.00,14104.34
2024-05-27,1,3224.28,386.91,35.14,161.21,3485.12
2024-05-27,1,5146.64,926.40,7.47,154.40,5926.11
2024-05-28,1,2287.17,114.36,25.85,68.62,2358.76
2024-05-29,1,3706.35,667.14,19.69,0.00,4393.18
2024-05-29,1,4635.51,231.78,20.76,0.00,4888.05
2024-05-29,1,11883.90,1426.07,16.41,0.00,13326.38
2024-05-29,1,367631.67,66173.70,1946.47,11028.95,424722.89
2024-05-30,1,8101.90,972.23,4.99,0.00,9079.12
2024-05-30,1,526827.88,94829.02,3081.39,0.00,624738.29
2024-05-30,1,5667.45,680.09,27.75,0.00,6375.29
2024-05-31,1,4257.61,212.88,20.46,212.88,4278.07
2024-06-01,1,557.52,66.90,43.24,16.73,650.93
2024-06-01,1,3738.68,448.64,9.20,0.00,4196.52
2024-06-01,1,7379.91,885.59,13.37,0.00,8278.87
2024-06-02,1,3929.43,471.53,62.51,0.00,4463.47
2024-06-03,1,5035.25,251.76,25.94,251.76,5061.19
2024-06-03,1,6116.05,305.80,36.47,0.00,6458.32
2024-06-03,1,1743.28,209.19,24.64,52.30,1924.81
2024-06-03,1,10252.80,1230.34,50.50,0.00,11533.64
2024-06-04,1,2435.88,121.79,14.36,0.00,2572.03
2024-06-05,1,668769.55,120378.52,2178.05,0.00,791326.12
2024-06-06,1,122003.85,21960.69,730.82,3660.12,141035.24
2024-06-06,1,8668.63,433.43,8.24,260.06,8850.24
2024-06-07,1,2704.45,486.80,39.64,81.13,3149.76
2024-06-07,1,1987.97,238.56,27.95,0.00,2254.48
2024-06-07,1,632.31,113.82,29.38,0.00,775.51
2024-06-07,1,7550.62,1359.11,15.65,226.52,8698.86
2024-06-07,1,5109.25,255.46,9.81,0.00,5374.52
2024-06-08,1,2061.06,370.99,27.06,0.00,2459.11
2024-06-09,1,9797.85,1763.61,123.22,489.89,11194.79
2024-06-10,1,1158.06,57.90,36.13,34.74,1217.35
2024-06-10,1,190735.16,9536.76,3374.23,0.00,203646.15
2024-06-12,1,6692.20,803.06,18.99,334.61,7179.64
2024-06-12,1,18059.00,902.95,10.54,902.95,18069.54
2024-06-13,1,32983.59,5937.05,176.49,1649.18,37447.95
2024-06-13,1,2441.11,439.40,25.70,0.00,2906.21
2024-06-13,1,17044.54,2045.34,147.43,0.00,19237.31
2024-06-14,1,352989.40,42358.73,3325.08,0.00,398673.21
2024-06-14,1,2372.91,118.65,29.58,71.19,2449.95
2024-06-14,1,259821.00,31178.52,3456.22,12991.05,281464.69
2024-06-16,1,3851.00,462.12,25.74,115.53,4223.33
2024-06-16,1,7994.90,399.75,23.65,239.85,8178.45
2024-06-17,1,1860.14,93.01,132.09,55.80,2029.44
2024-06-17,1,1970.67,354.72,35.83,0.00,2361.22
2024-06-18,1,445486.78,22274.34,799.90,0.00,468561.02
2024-06-18,1,18251.56,3285.28,27.25,547.55,21016.54
2024-06-18,1,744273.92,89312.87,3380.20,0.00,836966.99
2024-06-18,1,10915.23,1309.83,8.61,0.00,12233.67
2024-06-18,1,194280.48,34970.49,900.38,5828.41,224322.94
2024-06-19,1,1984.91,238.19,36.39,0.00,2259.49
2024-06-19,1,406736.45,73212.56,2857.49,20336.82,462469.68
2024-06-21,1,7021.60,351.08,48.97,351.08,7070.57
2024-06-21,1,336338.52,60540.93,3520.66,0.00,400400.11
2024-06-22,1,423345.79,21167.29,1833.65,21167.29,425179.44
2024-06-25,1,6579.30,1184.27,32.15,197.38,7598.34
2024-06-25,1,1753.24,315.58,36.00,0.00,2104.82
2024-06-25,1,6497.86,779.74,26.05,194.94,7108.71
2024-06-26,1,324760.95,58456.97,1612.55,0.00,384830.47
2024-06-26,1,2940.46,529.28,8.98,147.02,3331.70
2024-06-26,1,13281.25,1593.75,36.11,398.44,14512.67
2024-06-26,1,5478.09,657.37,18.66,0.00,6154.12
2024-06-26,1,15273.91,763.70,17.11,763.70,15291.02
2024-06-26,1,6583.20,1184.98,62.83,329.16,7501.85
2024-06-26,1,746318.12,89558.17,1711.52,0.00,837587.81
2024-06-27,1,6464.62,323.23,3.98,323.23,6468.60
2024-06-27,1,4700.73,564.09,0.82,141.02,5124.62
2024-06-28,1,4286.16,514.34,34.74,0.00,4835.24
2024-06-28,1,5176.16,931.71,44.08,0.00,6151.95
2024-06-28,1,18099.98,2172.00,20.79,905.00,19387.77
2024-06-29,1,4578.49,824.13,176.10,137.35,5441.37
2024-06-30,1,4688.70,562.64,3.35,0.00,5254.69
2024-07-01,1,322919.01,58125.42,3036.68,16145.95,367935.16
2024-07-01,1,10826.10,541.31,60.10,0.00,11427.51
2024-07-02,1,5125.37,256.27,44.38,0.00,5426.02
2024-07-02,1,2246.53,404.38,5.70,0.00,2656.61
2024-07-02,1,495399.64,59447.96,1568.58,0.00,556416.18
2024-07-03,1,1142219.32,205599.48,3700.52,57110.97,1294408.35
2024-07-03,1,6893.29,1240.79,10.71,344.66,7800.13
2024-07-04,1,5170.64,930.72,6.68,155.12,5952.92
2024-07-04,1,1698.98,203.88,44.83,0.00,1947.69
2024-07-05,1,13791.41,1654.97,141.82,0.00,15588.20
2024-07-05,1,1622.14,81.11,25.17,48.66,1679.76
2024-07-07,1,102331.41,18419.65,271.32,0.00,121022.38
2024-07-07,1,22026.57,1101.33,105.74,1101.33,22132.31
2024-07-07,1,12929.65,2327.34,141.76,387.89,15010.86
2024-07-07,1,5259.26,262.96,26.46,157.78,5390.90
2024-07-09,1,8492.82,1019.14,66.59,0.00,9578.55
2024-07-09,1,939.19,112.70,26.95,0.00,1078.84
2024-07-09,1,6701.43,1206.26,46.18,335.07,7618.80
2024-07-09,1,4076.88,489.23,17.91,0.00,4584.02
2024-07-10,1,327.88,16.39,11.52,16.39,339.40
2024-07-10,1,20358.21,3664.48,23.46,0.00,24046.15
2024-07-10,1,3399.60,407.95,28.74,0.00,3836.29
2024-07-10,1,4948.70,247.44,31.11,0.00,5227.25
2024-07-11,1,1035.25,51.76,3.45,0.00,1090.46
2024-07-11,1,2956.99,532.26,10.58,88.71,3411.12
2024-07-11,1,1310.54,157.26,29.34,39.32,1457.82
2024-07-11,1,8505.35,1530.96,13.36,0.00,10049.67
2024-07-11,1,627.59,75.31,47.55,31.38,719.07
2024-07-12,1,848179.56,101781.55,278.33,0.00,950239.44
2024-07-12,1,5098.01,917.64,39.14,0.00,6054.79
2024-07-12,1,5561.90,1001.14,3.09,166.86,6399.27
2024-07-13,1,453290.04,22664.50,2019.12,22664.50,455309.16
2024-07-13,1,7773.69,932.84,11.23,233.21,8484.55
2024-07-14,1,9304.08,465.20,115.90,0.00,9885.18
2024-07-15,1,683393.72,34169.69,1804.26,34169.69,685197.98
2024-07-15,1,5146.46,617.58,13.71,154.39,5623.36
2024-07-15,1,2817.30,338.08,25.71,0.00,3181.09
2024-07-15,1,3002.49,540.45,13.87,90.07,3466.74
2024-07-16,1,7664.96,1379.69,29.83,0.00,9074.48
2024-07-17,1,28676.70,1433.84,181.12,1433.84,28857.82
2024-07-18,1,12746.98,637.35,161.35,0.00,13545.68
2024-07-18,1,4115.16,740.73,8.60,0.00,4864.49
2024-07-19,1,367.70,44.12,31.20,0.00,443.02
2024-07-19,1,150.48,27.09,3.15,4.51,176.21
2024-07-19,1,11389.02,2050.02,48.08,0.00,13487.12
2024-07-19,1,1654.45,198.53,24.16,82.72,1794.42
2024-07-20,1,7202.42,360.12,57.00,216.07,7403.47
2024-07-20,1,3460.13,173.01,5.29,103.80,3534.63
2024-07-20,1,32319.44,5817.50,81.82,969.58,37249.18
2024-07-21,1,7415.38,1334.77,27.64,0.00,8777.79
2024-07-21,1,26317.58,3158.11,94.31,789.53,28780.47
2024-07-22,1,5582.87,279.14,27.49,0.00,5889.50
2024-07-22,1,9771.68,488.58,150.36,488.58,9922.04
2024-07-23,1,8281.63,993.80,28.77,0.00,9304.20
2024-07-23,1,805371.58,40268.58,715.61,0.00,846355.77
2024-07-23,1,315615.26,56810.75,3948.28,0.00,376374.29
2024-07-24,1,4379.10,525.49,1.25,0.00,4905.84
2024-07-25,1,83819.31,10058.32,3669.04,0.00,97546.67
2024-07-25,1,9420.46,1130.46,49.86,0.00,10600.78
2024-07-25,1,2840.30,142.02,14.70,142.02,2855.00
2024-07-25,1,420689.53,75724.12,3338.01,21034.48,478717.18
2024-07-26,1,385108.49,19255.42,3370.57,19255.42,388479.06
2024-07-26,1,374713.54,44965.62,267.55,0.00,419946.71
2024-07-27,1,1300.00,234.00,43.16,0.00,1577.16
2024-07-27,1,2046.81,245.62,9.50,0.00,2301.93
2024-07-27,1,4663.80,233.19,7.55,233.19,4671.35
2024-07-27,1,6657.22,798.87,37.10,332.86,7160.33
2024-07-28,1,2264.29,271.71,0.08,113.21,2422.87
2024-07-28,1,8921.96,1070.64,48.40,0.00,10041.00
2024-07-28,1,455296.77,81953.42,705.32,0.00,537955.51
2024-07-29,1,12265.10,613.25,1.16,0.00,12879.51
2024-07-29,1,2217.52,266.10,44.23,0.00,2527.85
2024-07-29,1,17071.05,3072.79,96.58,0.00,20240.42
2024-07-30,1,2254.20,112.71,38.49,0.00,2405.40
2024-07-30,1,672285.37,33614.27,1542.98,0.00,707442.62
2024-07-30,1,3609.96,649.79,13.90,0.00,4273.65
2024-07-31,1,270560.20,48700.84,2294.22,8116.81,313438.45
2024-07-31,1,6799.98,1224.00,28.75,340.00,7712.73
2024-07-31,1,10421.42,1250.57,25.61,0.00,11697.60
2024-07-31,1,3792.60,455.11,28.71,189.63,4086.79
2024-08-01,1,23275.13,2793.02,47.74,1163.76,24952.13
2024-08-01,1,3802.86,684.51,40.59,0.00,4527.96
2024-08-02,1,2996.61,539.39,13.69,89.90,3459.79
2024-08-02,1,6883.28,1238.99,50.08,344.16,7828.19
2024-08-02,1,4253.24,510.39,12.71,212.66,4563.68
2024-08-03,1,182621.35,9131.07,741.72,0.00,192494.14
2024-08-03,1,713.13,128.36,39.40,21.39,859.50
2024-08-03,1,2727.87,136.39,28.16,0.00,2892.42
2024-08-04,1,3464.09,415.69,28.30,0.00,3908.08
2024-08-04,1,8164.34,1469.58,30.23,0.00,9664.15
2024-08-04,1,8227.58,987.31,33.79,246.83,9001.85
2024-08-05,1,2192.00,263.04,6.83,65.76,2396.11
2024-08-05,1,1553862.79,77693.14,1128.55,0.00,1632684.48
2024-08-05,1,2106.59,252.79,23.13,0.00,2382.51
2024-08-05,1,3957.46,712.34,26.94,197.87,4498.87
2024-08-06,1,8132.96,975.96,4.51,243.99,8869.44
2024-08-06,1,8850.69,1062.08,62.57,442.53,9532.81
2024-08-06,1,7565.14,378.26,18.69,378.26,7583.83
2024-08-09,1,10432.99,1877.94,31.02,521.65,11820.30
2024-08-09,1,2960.61,148.03,5.46,148.03,2966.07
2024-08-09,1,9195.94,1655.27,18.79,0.00,10870.00
2024-08-09,1,747.72,134.59,45.40,22.43,905.28
2024-08-09,1,572.31,68.68,29.89,0.00,670.88
2024-08-09,1,808860.83,40443.04,2079.17,0.00,851383.04
2024-08-09,1,32676.55,3921.19,144.12,980.30,35761.56
2024-08-09,1,5390.30,646.84,15.75,161.71,5891.18
2024-08-11,1,498.85,24.94,131.67,24.94,630.52
2024-08-13,1,186.63,22.40,7.34,0.00,216.37
2024-08-13,1,7824.25,1408.37,53.86,0.00,9286.48
2024-08-13,1,6097.12,304.86,39.37,0.00,6441.35
2024-08-15,1,20152.17,3627.39,121.26,604.57,23296.25
2024-08-15,1,2532.36,303.88,12.30,75.97,2772.57
2024-08-15,1,2853.77,142.69,2.40,0.00,2998.86
2024-08-15,1,5446.88,272.34,69.94,272.34,5516.82
2024-08-16,1,17876.84,893.84,87.47,0.00,18858.15
2024-08-17,1,9205.98,1104.72,0.01,0.00,10310.71
2024-08-17,1,255.08,30.61,6.41,0.00,292.10
2024-08-17,1,7081.16,1274.61,44.27,212.43,8187.61
2024-08-18,1,8990.49,449.52,0.94,269.71,9171.24
2024-08-19,1,13701.40,1644.17,711.01,685.07,15371.51
2024-08-20,1,799.78,39.99,29.32,0.00,869.09
2024-08-21,1,8420.81,421.04,38.02,252.62,8627.25
2024-08-21,1,250330.57,30039.67,173.47,12516.53,268027.18
2024-08-21,1,2052.20,246.26,23.17,102.61,2219.02
2024-08-24,1,479466.39,23973.32,723.06,23973.32,480189.45
2024-08-25,1,3699.23,443.91,36.93,184.96,3995.11
2024-08-25,1,6790.75,1222.34,21.79,0.00,8034.88
2024-08-25,1,6706.22,804.75,9.05,0.00,7520.02
2024-08-26,1,7574.84,1363.47,30.17,378.74,8589.74
2024-08-27,1,2881.60,144.08,21.48,0.00,3047.16
2024-08-28,1,15551.60,1866.19,43.95,466.55,16995.19
2024-08-28,1,7141.28,1285.43,43.21,0.00,8469.92
2024-08-28,1,617.03,74.04,22.26,30.85,682.48
2024-08-29,1,8322.24,998.67,33.58,249.67,9104.82
2024-08-29,1,6995.93,839.51,4.21,349.80,7489.85
2024-08-29,1,5343.01,267.15,157.76,267.15,5500.77
2024-08-29,1,223187.48,40173.75,227.05,0.00,263588.28
2024-08-30,1,475921.31,23796.07,3535.97,0.00,503253.35
2024-09-01,1,7644.12,1375.94,24.38,229.32,8815.12
2024-09-02,1,1085.45,54.27,30.34,54.27,1115.79
2024-09-02,1,1470.56,73.53,63.61,0.00,1607.70
2024-09-04,1,8371.54,1506.88,17.07,0.00,9895.49
2024-09-04,1,113568.88,20442.40,3888.39,5678.44,132221.23
2024-09-05,1,5171.28,620.55,117.49,155.14,5754.18
2024-09-05,1,28512.80,1425.64,162.69,0.00,30101.13
2024-09-06,1,1336.97,160.44,33.47,0.00,1530.88
2024-09-06,1,3467.88,173.39,7.16,0.00,3648.43
2024-09-07,1,1028.44,185.12,17.40,0.00,1230.96
2024-09-07,1,2471.40,296.57,20.45,123.57,2664.85
2024-09-07,1,1750.24,315.04,36.29,87.51,2014.06
2024-09-08,1,985.20,177.34,15.22,29.56,1148.20
2024-09-08,1,5701.64,1026.30,3.27,0.00,6731.21
2024-09-09,1,36386.96,6549.65,22.35,1819.35,41139.61
2024-09-09,1,222043.83,39967.89,3393.95,6661.31,258744.36
2024-09-09,1,2237.94,111.90,22.96,111.90,2260.90
2024-09-11,1,11503.25,1380.39,9.37,575.16,12317.85
2024-09-12,1,6076.52,729.18,28.20,303.83,6530.07
2024-09-12,1,1161.56,139.39,35.51,0.00,1336.46
2024-09-13,1,251706.20,12585.31,1218.80,0.00,265510.31
2024-09-13,1,1325.68,238.62,11.20,39.77,1535.73
2024-09-13,1,517093.35,25854.67,3105.88,25854.67,520199.23
2024-09-14,1,3967.57,476.11,11.55,198.38,4256.85
2024-09-14,1,3428.86,411.46,23.99,171.44,3692.87
2024-09-14,1,2506.03,125.30,11.43,0.00,2642.76
2024-09-15,1,25590.22,4606.24,108.44,767.71,29537.19
2024-09-16,1,893.12,160.76,35.53,26.79,1062.62
2024-09-16,1,6820.92,1227.77,19.85,0.00,8068.54
2024-09-17,1,7844.87,392.24,30.27,392.24,7875.14
2024-09-18,1,4992.51,898.65,41.71,249.63,5683.24
2024-09-19,1,1239.78,148.77,35.44,37.19,1386.80
2024-09-20,1,6511.17,781.34,0.78,325.56,6967.73
2024-09-20,1,3580.93,644.57,17.93,107.43,4136.00
2024-09-21,1,4180.50,501.66,27.98,0.00,4710.14
2024-09-21,1,3998.00,719.64,4.55,199.90,4522.29
2024-09-22,1,527.59,26.38,35.68,26.38,563.27
2024-09-23,1,12805.27,2304.95,23.38,384.16,14749.44
2024-09-24,1,6436.77,321.84,27.67,193.10,6593.18
2024-09-24,1,4236.60,762.59,37.42,127.10,4909.51
2024-09-25,1,968.40,174.31,20.45,0.00,1163.16
2024-09-26,1,4807.93,865.43,19.18,0.00,5692.54
2024-09-26,1,281.95,50.75,56.32,8.46,380.56
2024-09-26,1,6036.33,724.36,41.61,0.00,6802.30
2024-09-26,1,132786.10,15934.33,1914.42,0.00,150634.85
2024-09-26,1,2728.94,491.21,61.41,136.45,3145.11
2024-09-27,1,4863.27,243.16,55.92,145.90,5016.45
2024-09-27,1,14755.87,1770.70,154.30,737.79,15943.08
2024-09-28,1,2442.81,293.14,30.99,0.00,2766.94
2024-09-28,1,2257.83,112.89,44.14,0.00,2414.86
2024-09-28,1,64610.55,7753.27,121.33,0.00,72485.15
2024-10-01,1,6968.38,836.21,27.41,0.00,7832.00
2024-10-02,1,6591.25,1186.42,18.36,0.00,7796.03
2024-10-02,1,7871.56,944.59,21.96,236.15,8601.96
2024-10-03,1,125978.45,15117.41,1479.06,0.00,142574.92
2024-10-03,1,30279.16,3633.50,136.17,0.00,34048.83
2024-10-03,1,27597.67,4967.58,15.29,827.93,31752.61
2024-10-03,1,6834.02,341.70,30.94,205.02,7001.64
2024-10-03,1,60.02,10.80,0.37,0.00,71.19
2024-10-06,1,3273.64,589.26,33.85,163.68,3733.07
2024-10-06,1,4346.30,521.56,52.71,0.00,4920.57
2024-10-06,1,6836.49,1230.57,65.91,0.00,8132.97
2024-10-07,1,4595.56,229.78,19.73,0.00,4845.07
2024-10-08,1,4145.49,497.46,42.11,124.36,4560.70
2024-10-08,1,950.06,114.01,14.66,0.00,1078.73
2024-10-10,1,8623.13,431.16,6.90,0.00,9061.19
2024-10-10,1,4917.62,590.11,52.01,147.53,5412.21
2024-10-11,1,171660.34,30898.86,3291.15,0.00,205850.35
2024-10-12,1,535.06,96.31,11.12,0.00,642.49
2024-10-12,1,6964.85,348.24,39.33,0.00,7352.42
2024-10-12,1,6008.43,1081.52,15.48,0.00,7105.43
2024-10-13,1,5203.54,936.64,4.64,156.11,5988.71
2024-10-14,1,54341.17,6520.94,2399.21,1630.24,61631.08
2024-10-14,1,1050.45,126.05,17.90,31.51,1162.89
2024-10-14,1,1810.25,325.84,9.77,0.00,2145.86
2024-10-14,1,318158.36,15907.92,3484.42,9544.75,328005.95
2024-10-15,1,5149.76,257.49,69.79,154.49,5322.55
2024-10-15,1,12528.52,626.43,25.23,0.00,13180.18
2024-10-16,1,7812.19,1406.19,58.74,234.37,9042.75
2024-10-17,1,730.16,87.62,61.80,36.51,843.07
2024-10-17,1,3073.23,368.79,99.64,0.00,3541.66
2024-10-17,1,3500.84,175.04,28.25,0.00,3704.13
2024-10-18,1,6684.17,1203.15,16.74,0.00,7904.06
2024-10-18,1,11128.36,556.42,38.26,0.00,11723.04
2024-10-19,1,452899.10,22644.96,2074.48,0.00,477618.54
2024-10-19,1,409456.19,49134.74,362.02,12283.69,446669.26
2024-10-19,1,5767.92,1038.23,0.56,173.04,6633.67
2024-10-20,1,115450.19,13854.02,2720.42,0.00,132024.63
2024-10-20,1,1314997.75,157799.73,2607.30,0.00,1475404.78
2024-10-20,1,343183.07,17159.15,1058.53,17159.15,344241.60
2024-10-21,1,9790.62,1174.87,12.71,0.00,10978.20
2024-10-21,1,1506.15,271.11,9.41,75.31,1711.36
2024-10-22,1,361.46,43.38,36.29,10.84,430.29
2024-10-22,1,5368.87,268.44,31.53,268.44,5400.40
2024-10-22,1,701743.25,35087.16,358.40,35087.16,702101.65
2024-10-22,1,1728.80,311.18,36.85,86.44,1990.39
2024-10-23,1,91710.37,4585.52,181.47,0.00,96477.36
2024-10-23,1,41201.49,7416.27,80.02,0.00,48697.78
2024-10-23,1,5058.48,607.02,55.52,0.00,5721.02
2024-10-24,1,3826.76,688.82,31.91,114.80,4432.69
2024-10-25,1,8942.61,1609.67,26.44,268.28,10310.44
2024-10-26,1,6733.73,336.69,25.62,202.01,6894.03
2024-10-26,1,6716.56,805.99,38.89,201.50,7359.94
2024-10-26,1,8407.17,1513.29,30.54,0.00,9951.00
2024-10-26,1,5368.89,966.40,32.24,161.07,6206.46
2024-10-26,1,2083.10,104.16,39.58,0.00,2226.84
2024-10-27,1,722533.05,86703.97,3530.85,21675.99,791091.88
2024-10-27,1,19505.90,3511.06,11.57,585.18,22443.35
2024-10-28,1,11402.36,2052.42,35.49,570.12,12920.15
2024-10-29,1,3424.04,616.33,21.20,0.00,4061.57
2024-10-29,1,29465.27,1473.26,80.86,883.96,30135.43
2024-10-29,1,3178.29,381.39,3.12,0.00,3562.80
2024-10-30,1,4249.10,764.84,21.58,0.00,5035.52
2024-10-30,1,2311.61,277.39,45.55,115.58,2518.97
2024-10-30,1,5765.91,288.30,27.03,0.00,6081.24
2024-10-31,1,9481.20,474.06,9.92,284.44,9680.74
2024-11-01,1,32590.49,5866.29,86.08,977.71,37565.15
2024-11-02,1,346531.34,41583.76,2651.86,10395.94,380371.02
2024-11-02,1,1130.87,56.54,37.59,0.00,1225.00
2024-11-03,1,7803.91,936.47,34.63,0.00,8775.01
2024-11-03,1,738097.41,36904.87,656.42,0.00,775658.70
2024-11-03,1,22001.61,1100.08,92.13,1100.08,22093.74
2024-11-03,1,7414.56,889.75,29.71,0.00,8334.02
2024-11-04,1,47020.74,5642.49,143.04,2351.04,50455.23
2024-11-04,1,289442.02,52099.56,1155.68,0.00,342697.26
2024-11-05,1,165.10,29.72,20.20,0.00,215.02
2024-11-05,1,370291.49,66652.47,2036.18,0.00,438980.14
2024-11-06,1,9724.09,1750.34,37.31,486.20,11025.54
2024-11-07,1,4487.63,224.38,37.20,134.63,4614.58
2024-11-07,1,2624.53,472.42,4.26,131.23,2969.98
2024-11-08,1,360632.85,64913.91,3540.90,0.00,429087.66
2024-11-08,1,163.53,29.44,32.98,0.00,225.95
2024-11-09,1,4729.98,851.40,15.59,0.00,5596.97
2024-11-09,1,2538.97,126.95,11.38,0.00,2677.30
2024-11-09,1,10448.30,1880.69,12.86,0.00,12341.85
2024-11-09,1,611298.32,110033.70,355.71,18338.95,703348.78
2024-11-10,1,5814.61,697.75,2.75,290.73,6224.38
2024-11-10,1,7802.91,936.35,35.49,234.09,8540.66
2024-11-10,1,304423.15,15221.16,4083.56,15221.16,308506.71
2024-11-10,1,37030.48,1851.52,23.67,0.00,38905.67
2024-11-11,1,13697.69,1643.72,50.99,684.88,14707.52
2024-11-11,1,2520.80,126.04,2.13,0.00,2648.97
2024-11-11,1,1123.16,56.16,18.03,0.00,1197.35
2024-11-12,1,36655.29,4398.63,20.49,1832.76,39241.65
2024-11-12,1,742.40,133.63,17.06,37.12,855.97
2024-11-12,1,12684.95,1522.19,156.61,634.25,13729.50
2024-11-13,1,13477.44,2425.94,164.08,0.00,16067.46
2024-11-13,1,15244.41,1829.33,71.08,762.22,16382.60
2024-11-13,1,4918.65,590.24,23.14,0.00,5532.03
2024-11-14,1,9135.65,1644.42,20.53,0.00,10800.60
2024-11-14,1,2514.43,301.73,13.93,0.00,2830.09
2024-11-15,1,13265.11,663.26,37.97,0.00,13966.34
2024-11-15,1,8040.97,402.05,35.03,241.23,8236.82
2024-11-16,1,2574.32,463.38,38.78,77.23,2999.25
2024-11-16,1,18747.31,3374.52,55.57,0.00,22177.40
2024-11-18,1,3538.16,636.87,40.66,0.00,4215.69
2024-11-18,1,3364.91,403.79,20.95,0.00,3789.65
2024-11-20,1,6885.93,1239.47,24.08,0.00,8149.48
2024-11-21,1,17657.98,3178.44,121.40,882.90,20074.92
2024-11-22,1,1863.60,335.45,35.58,0.00,2234.63
2024-11-22,1,1802.96,90.15,39.06,0.00,1932.17
2024-11-24,1,1863.28,223.59,29.79,0.00,2116.66
2024-11-24,1,123.99,22.32,23.89,0.00,170.20
2024-11-25,1,736504.04,36825.20,1746.87,0.00,775076.11
2024-11-25,1,6839.36,820.72,140.18,205.18,7595.08
2024-11-26,1,1465.62,73.28,2.32,43.97,1497.25
2024-11-26,1,7582.58,909.91,28.95,227.48,8293.96
2024-11-27,1,6060.09,1090.82,36.62,0.00,7187.53
2024-11-27,1,5468.59,984.35,19.11,273.43,6198.62
2024-11-28,1,4915.21,245.76,9.26,0.00,5170.23
2024-11-28,1,1193.22,143.19,24.99,0.00,1361.40
2024-11-28,1,3276.94,589.85,9.57,163.85,3712.51
2024-11-29,1,4815.67,240.78,24.73,240.78,4840.40
2024-11-29,1,14973.04,1796.76,20.72,0.00,16790.52
2024-11-29,1,5215.04,625.80,0.03,156.45,5684.42
2024-11-29,1,439700.67,79146.12,2980.11,0.00,521826.90
2024-11-30,1,22727.79,1136.39,155.45,1136.39,22883.24
2024-11-30,1,2844.09,341.29,21.60,0.00,3206.98
2024-11-30,1,3568.00,428.16,12.34,107.04,3901.46
2024-12-02,1,1368.67,68.43,11.51,41.06,1407.55
2024-12-02,1,6342.00,1141.56,29.13,317.10,7195.59
2024-12-02,1,4309.97,517.20,26.04,0.00,4853.21
2024-12-03,1,81824.90,4091.24,3759.21,4091.24,85584.11
2024-12-03,1,1374.56,247.42,24.75,41.24,1605.49
2024-12-03,1,4824.49,241.22,27.87,241.22,4852.36
2024-12-05,1,494295.38,59315.45,2271.86,0.00,555882.69
2024-12-05,1,5338.68,640.64,59.48,266.93,5771.87
2024-12-06,1,10448.11,1880.66,28.01,0.00,12356.78
2024-12-06,1,2164.96,389.69,7.79,0.00,2562.44
2024-12-07,1,8161.18,979.34,14.66,408.06,8747.12
2024-12-08,1,454888.21,22744.41,1691.16,0.00,479323.78
2024-12-08,1,97715.84,11725.90,4135.26,4885.79,108691.21
2024-12-08,1,410372.28,20518.61,3800.16,0.00,434691.05
2024-12-09,1,4058.41,202.92,63.22,0.00,4324.55
2024-12-10,1,10700.99,535.05,71.74,535.05,10772.73
2024-12-10,1,8673.71,1561.27,67.01,260.21,10041.78
2024-12-11,1,418109.42,75259.70,236.06,0.00,493605.18
2024-12-11,1,8448.62,422.43,45.52,422.43,8494.14
2024-12-11,1,16444.86,1973.38,145.60,0.00,18563.84
2024-12-12,1,4293.58,214.68,10.80,214.68,4304.38
2024-12-13,1,361.28,18.06,33.02,10.84,401.52
2024-12-13,1,6812.82,340.64,1.88,340.64,6814.70
2024-12-14,1,3415.49,614.79,35.89,0.00,4066.17
2024-12-15,1,3173.13,571.16,0.77,0.00,3745.06
2024-12-16,1,730.78,36.54,6.95,36.54,737.73
2024-12-16,1,3899.49,701.91,5.46,0.00,4606.86
2024-12-19,1,5478.34,986.10,24.77,0.00,6489.21
2024-12-19,1,5225.59,940.61,14.93,0.00,6181.13
2024-12-20,1,11845.24,1421.43,24.65,592.26,12699.06
2024-12-21,1,2090.50,376.29,43.66,104.53,2405.92
2024-12-23,1,10590.35,529.52,87.11,529.52,10677.46
2024-12-24,1,3507.16,175.36,42.46,0.00,3724.98
2024-12-24,1,2698.10,134.91,28.51,0.00,2861.52
2024-12-24,1,6693.13,334.66,15.32,334.66,6708.45
2024-12-25,1,1815.21,217.83,45.96,0.00,2079.00
2024-12-25,1,1361.10,68.05,44.72,0.00,1473.87
2024-12-26,1,427387.75,51286.53,3027.56,21369.39,460332.45
2024-12-26,1,892.04,107.04,3.69,26.76,976.01
2024-12-27,1,5553.03,277.65,0.62,277.65,5553.65
2024-12-28,1,8024.65,401.23,14.95,0.00,8440.83
2024-12-28,1,2078.46,103.92,3.94,62.35,2123.97
2024-12-29,1,6646.59,332.33,7.88,0.00,6986.80
2024-12-29,1,19180.93,959.05,109.05,575.43,19673.60
2024-12-29,1,101.66,18.30,3.31,5.08,118.19
2025-01-01,1,5125.84,256.29,6.74,153.78,5235.09
2025-01-01,1,14270.16,713.51,27.09,428.10,14582.66
2025-01-02,1,3892.92,467.15,9.91,194.65,4175.33
2025-01-02,1,24362.42,1218.12,43.16,0.00,25623.70
2025-01-02,1,3555.23,177.76,5.37,177.76,3560.60
2025-01-03,1,9011.67,1622.10,24.09,0.00,10657.86
2025-01-04,1,528.12,63.37,33.81,26.41,598.89
2025-01-04,1,4817.26,578.07,116.83,0.00,5512.16
2025-01-05,1,157979.75,7898.99,2023.10,7898.99,160002.85
2025-01-05,1,610679.12,30533.96,3145.34,18320.37,626038.05
2025-01-06,1,5841.95,701.03,28.98,292.10,6279.86
2025-01-06,1,20066.04,1003.30,51.26,0.00,21120.60
2025-01-06,1,10216.59,1838.99,1.19,0.00,12056.77
2025-01-06,1,6074.43,303.72,9.86,0.00,6388.01
2025-01-06,1,6790.40,339.52,41.83,0.00,7171.75
2025-01-07,1,192092.19,34576.59,3397.13,0.00,230065.91
2025-01-07,1,7570.73,1362.73,152.43,0.00,9085.89
2025-01-08,1,4389.90,219.50,24.11,131.70,4501.81
2025-01-08,1,8543.66,1025.24,0.64,0.00,9569.54
2025-01-09,1,522274.49,26113.72,976.42,26113.72,523250.91
2025-01-09,1,2346.11,281.53,38.41,117.31,2548.74
2025-01-09,1,3701.00,666.18,30.74,185.05,4212.87
2025-01-09,1,75420.55,9050.47,1631.06,3771.03,82331.05
2025-01-10,1,20767.00,1038.35,92.47,0.00,21897.82
2025-01-10,1,13486.40,2427.55,41.45,404.59,15550.81
2025-01-10,1,145019.34,7250.97,879.85,0.00,153150.16
2025-01-11,1,246.12,12.31,17.40,7.38,268.45
2025-01-12,1,2103.91,252.47,5.03,63.12,2298.29
2025-01-12,1,3953.83,197.69,1.12,0.00,4152.64
2025-01-12,1,8078.02,969.36,17.69,0.00,9065.07
2025-01-13,1,12857.03,642.85,160.42,0.00,13660.30
2025-01-13,1,653124.51,117562.41,4016.24,32656.23,742046.93
2025-01-14,1,1233.05,221.95,24.97,0.00,1479.97
2025-01-14,1,261821.58,13091.08,930.89,7854.65,267988.90
2025-01-15,1,4332.19,779.79,10.74,129.97,4992.75
2025-01-15,1,5195.80,623.50,25.38,0.00,5844.68
2025-01-15,1,908341.38,45417.07,987.79,0.00,954746.24
2025-01-16,1,154.95,18.59,45.80,0.00,219.34
2025-01-16,1,2627.74,131.39,24.38,0.00,2783.51
2025-01-17,1,419728.49,20986.42,3613.51,12591.85,431736.57
2025-01-17,1,250.43,45.08,8.52,0.00,304.03
2025-01-19,1,6380.17,319.01,32.24,0.00,6731.42
2025-01-19,1,962.58,48.13,40.95,0.00,1051.66
2025-01-20,1,2169.91,390.58,42.83,0.00,2603.32
2025-01-20,1,13287.96,664.40,49.86,398.64,13603.58
2025-01-20,1,3791.33,189.57,6.81,189.57,3798.14
2025-01-20,1,1549.50,278.91,24.75,46.48,1806.68
2025-01-21,1,4554.25,227.71,5.18,227.71,4559.43
2025-01-21,1,5450.28,272.51,24.25,0.00,5747.04
2025-01-22,1,2029.12,101.46,36.75,0.00,2167.33
2025-01-23,1,1682.85,201.94,45.37,0.00,1930.16
2025-01-23,1,4495.61,539.47,3.01,0.00,5038.09
2025-01-24,1,6173.37,740.80,15.79,0.00,6929.96
2025-01-24,1,672.42,121.04,18.34,0.00,811.80
2025-01-24,1,104.68,12.56,30.62,3.14,144.72
2025-01-24,1,630.40,113.47,22.25,0.00,766.12
2025-01-24,1,2961.64,355.40,20.68,0.00,3337.72
2025-01-26,1,46.53,8.38,37.11,0.00,92.02
2025-01-26,1,11851.80,1422.22,169.23,355.55,13087.70
2025-01-27,1,202.06,36.37,45.88,6.06,278.25
2025-01-27,1,1534.59,184.15,30.71,46.04,1703.41
2025-01-28,1,7488.13,898.58,9.67,0.00,8396.38
2025-01-28,1,14512.09,725.60,18.28,0.00,15255.97
2025-01-29,1,4255.14,212.76,49.05,212.76,4304.19
2025-01-29,1,1466.67,176.00,39.69,44.00,1638.36
2025-01-29,1,902888.16,162519.87,3956.65,27086.64,1042278.04
2025-01-29,1,2389.11,430.04,1.72,0.00,2820.87
2025-01-30,1,2848.00,142.40,27.64,142.40,2875.64
2025-01-30,1,1727.36,207.28,29.23,86.37,1877.50
2025-01-30,1,6563.72,328.19,24.97,328.19,6588.69
2025-01-30,1,4317.08,215.85,8.91,0.00,4541.84
2025-02-01,1,434504.51,21725.23,1079.29,21725.23,435583.80
2025-02-01,1,349.75,62.95,31.74,0.00,444.44
2025-02-02,1,6216.75,310.84,24.29,0.00,6551.88
2025-02-04,1,120.43,6.02,0.85,0.00,127.30
2025-02-04,1,269127.15,48442.89,3234.55,0.00,320804.59
2025-02-04,1,6741.92,337.10,9.72,0.00,7088.74
2025-02-05,1,5721.15,686.54,35.43,0.00,6443.12
2025-02-05,1,1110.60,55.53,15.28,33.32,1148.09
2025-02-06,1,658723.98,32936.20,3919.31,19761.72,675817.77
2025-02-06,1,8144.68,407.23,30.61,0.00,8582.52
2025-02-07,1,5280.59,264.03,11.13,158.42,5397.33
2025-02-08,1,1935.52,232.26,32.56,58.07,2142.27
2025-02-08,1,1854.08,92.70,21.20,0.00,1967.98
2025-02-09,1,3915.06,195.75,26.07,117.45,4019.43
2025-02-09,1,580472.93,69656.75,1661.02,29023.65,622767.05
2025-02-09,1,3259.98,586.80,24.82,0.00,3871.60
2025-02-10,1,10487.76,1887.80,156.88,0.00,12532.44
2025-02-11,1,6087.46,1095.74,8.96,304.37,6887.79
2025-02-12,1,3158.47,379.02,3.80,94.75,3446.54
2025-02-12,1,1214.60,218.63,14.81,60.73,1387.31
2025-02-12,1,184053.27,9202.66,3976.32,0.00,197232.25
2025-02-13,1,21523.57,1076.18,122.40,645.71,22076.44
2025-02-13,1,1914.72,344.65,65.78,0.00,2325.15
2025-02-13,1,13836.28,1660.35,173.84,0.00,15670.47
2025-02-13,1,12148.64,1457.84,65.94,0.00,13672.42
2025-02-13,1,7950.53,397.53,16.10,397.53,7966.63
2025-02-13,1,12466.95,623.35,52.91,0.00,13143.21
2025-02-14,1,2602.51,468.45,41.02,0.00,3111.98
2025-02-17,1,4360.90,218.04,32.64,0.00,4611.58
2025-02-17,1,4262.87,511.54,27.70,213.14,4588.97
2025-02-17,1,8196.61,409.83,36.64,245.90,8397.18
2025-02-18,1,13928.25,696.41,81.98,417.85,14288.79
2025-02-18,1,1518.07,75.90,20.85,75.90,1538.92
2025-02-19,1,5645.97,677.52,1.96,282.30,6043.15
2025-02-20,1,1047.46,52.37,24.68,31.42,1093.09
2025-02-20,1,8892.08,1067.05,28.24,0.00,9987.37
2025-02-20,1,6534.19,326.71,29.67,0.00,6890.57
2025-02-20,1,6923.58,1246.24,19.49,0.00,8189.31
2025-02-20,1,3050.41,152.52,31.87,152.52,3082.28
2025-02-20,1,2413.88,434.50,7.77,0.00,2856.15
2025-02-21,1,1537.51,184.50,17.31,46.13,1693.19
2025-02-21,1,2989.77,358.77,4.91,0.00,3353.45
2025-02-21,1,25710.16,3085.22,166.71,771.30,28190.79
2025-02-22,1,610.38,73.25,22.60,18.31,687.92
2025-02-22,1,6457.33,322.87,37.31,0.00,6817.51
2025-02-22,1,5663.32,283.17,21.67,283.17,5684.99
2025-02-23,1,8044.50,402.23,2.39,0.00,8449.12
2025-02-24,1,4730.90,236.54,175.20,141.93,5000.71
2025-02-24,1,5319.96,266.00,2.75,266.00,5322.71
2025-02-25,1,4873.95,877.31,35.35,0.00,5786.61
2025-02-25,1,6154.75,307.74,25.38,184.64,6303.23
2025-02-25,1,2538.31,126.92,28.56,0.00,2693.79
2025-02-25,1,11087.80,1330.54,68.99,0.00,12487.33
2025-02-26,1,10339.85,1861.17,26.83,310.20,11917.65
2025-02-28,1,1462.00,73.10,32.32,0.00,1567.42
2025-02-28,1,342677.84,61682.01,320.29,10280.34,394399.80
2025-02-28,1,7765.34,1397.76,33.77,388.27,8808.60
2025-03-01,1,7994.41,1438.99,36.93,239.83,9230.50
2025-03-01,1,137072.38,16448.69,2193.35,4112.17,151602.25
2025-03-01,1,6307.59,1135.37,5.36,315.38,7132.94
2025-03-03,1,3258.17,162.91,42.98,0.00,3464.06
2025-03-04,1,1622.79,81.14,30.67,0.00,1734.60
2025-03-05,1,21878.36,3938.10,27.65,656.35,25187.76
2025-03-05,1,10989.66,1318.76,85.90,0.00,12394.32
2025-03-06,1,359442.23,64699.60,3721.20,17972.11,409890.92
2025-03-06,1,2733.56,492.04,2.20,0.00,3227.80
2025-03-06,1,10454.66,522.73,26.95,313.64,10690.70
2025-03-07,1,3618.91,651.40,6.31,0.00,4276.62
2025-03-07,1,42455.99,5094.72,132.36,2122.80,45560.27
2025-03-08,1,9378.04,468.90,10.56,468.90,9388.60
2025-03-08,1,101244.66,5062.23,1051.94,5062.23,102296.60
2025-03-08,1,51140.00,9205.20,3039.89,0.00,63385.09
2025-03-09,1,443348.36,22167.42,2440.54,13300.45,454655.87
2025-03-10,1,218904.92,10945.25,586.11,6567.15,223869.13
2025-03-10,1,11630.87,581.54,19.58,348.93,11883.06
2025-03-10,1,2521.83,126.09,40.66,0.00,2688.58
2025-03-10,1,508.55,25.43,33.14,25.43,541.69
2025-03-11,1,4536.75,816.62,42.67,136.10,5259.94
2025-03-11,1,5692.14,284.61,24.54,0.00,6001.29
2025-03-12,1,4214.71,758.65,29.08,126.44,4876.00
2025-03-13,1,4840.34,871.26,25.46,0.00,5737.06
2025-03-14,1,488.03,24.40,20.55,24.40,508.58
2025-03-15,1,388266.21,46591.95,1510.83,19413.31,416955.68
2025-03-15,1,5426.99,976.86,43.11,0.00,6446.96
2025-03-15,1,24643.51,2957.22,165.47,0.00,27766.20
2025-03-17,1,8188.61,1473.95,38.91,0.00,9701.47
2025-03-18,1,3109.89,373.19,37.45,155.49,3365.04
2025-03-19,1,14348.89,717.44,80.81,0.00,15147.14
2025-03-20,1,743178.03,89181.36,1509.82,0.00,833869.21
2025-03-21,1,9732.76,1167.93,62.61,486.64,10476.66
2025-03-22,1,2622.02,314.64,58.57,0.00,2995.23
2025-03-23,1,10789.67,1942.14,36.72,0.00,12768.53
2025-03-23,1,13986.19,2517.51,41.87,699.31,15846.26
2025-03-23,1,24153.90,4347.70,72.56,1207.69,27366.47
2025-03-25,1,5349.35,641.92,1.51,267.47,5725.31
2025-03-26,1,3296.62,593.39,10.83,164.83,3736.01
2025-03-26,1,7500.84,900.10,9.42,0.00,8410.36
2025-03-26,1,8845.17,1061.42,24.20,0.00,9930.79
2025-03-27,1,4959.15,892.65,36.08,247.96,5639.92
2025-03-27,1,5520.50,993.69,30.64,0.00,6544.83
2025-03-28,1,10675.31,533.77,22.49,0.00,11231.57
2025-03-29,1,8705.59,1044.67,0.12,0.00,9750.38
2025-03-29,1,28161.97,3379.44,2080.01,0.00,33621.42
2025-03-30,1,3698.70,184.94,9.01,110.96,3781.69
2025-03-31,1,8037.40,401.87,120.68,401.87,8158.08
2025-03-31,1,472.03,56.64,37.31,14.16,551.82
2025-03-31,1,5439.80,652.78,5.13,163.19,5934.52
2025-04-01,1,33015.62,5942.81,91.45,1650.78,37399.10
2025-04-02,1,24765.12,4457.72,97.40,0.00,29320.24
2025-04-04,1,8506.78,1020.81,60.28,0.00,9587.87
2025-04-04,1,9454.39,1134.53,43.67,0.00,10632.59
2025-04-06,1,14534.85,1744.18,62.79,726.74,15615.08
2025-04-07,1,13243.36,1589.20,32.67,662.17,14203.06
2025-04-07,1,3812.21,190.61,28.58,0.00,4031.40
2025-04-07,1,14874.15,743.71,51.18,743.71,14925.33
2025-04-07,1,1504.25,75.21,0.76,75.21,1505.01
2025-04-08,1,404956.53,72892.18,2648.46,0.00,480497.17
2025-04-08,1,333304.72,16665.24,1644.89,16665.24,334949.61
2025-04-09,1,76137.93,13704.83,1599.81,2284.14,89158.43
2025-04-09,1,143460.39,17215.25,3111.99,4303.81,159483.82
2025-04-10,1,555.08,66.61,27.52,27.75,621.46
2025-04-10,1,6848.88,1232.80,30.16,0.00,8111.84
2025-04-10,1,16503.96,1980.48,58.46,825.20,17717.70
2025-04-10,1,11733.43,2112.02,60.37,0.00,13905.82
2025-04-10,1,1206.32,60.32,2.88,0.00,1269.52
2025-04-10,1,3495.80,629.24,34.95,0.00,4159.99
2025-04-11,1,3711.26,185.56,175.75,185.56,3887.01
2025-04-11,1,8668.48,433.42,41.43,260.05,8883.28
2025-04-11,1,2537.74,126.89,5.58,76.13,2594.08
2025-04-12,1,86165.98,15509.88,2695.99,0.00,104371.85
2025-04-13,1,1700.80,85.04,32.14,0.00,1817.98
2025-04-13,1,9639.63,481.98,42.33,0.00,10163.94
2025-04-13,1,748514.19,134732.55,1311.90,22455.43,862103.21
2025-04-13,1,28084.89,5055.28,157.82,0.00,33297.99
2025-04-14,1,1242.74,223.69,38.14,62.14,1442.43
2025-04-14,1,7977.33,957.28,174.85,0.00,9109.46
2025-04-15,1,69.06,3.45,32.25,0.00,104.76
2025-04-15,1,5300.42,636.05,6.02,0.00,5942.49
2025-04-16,1,4245.44,509.45,46.21,0.00,4801.10
2025-04-17,1,10357.14,517.86,39.38,310.71,10603.67
2025-04-17,1,670.00,80.40,50.09,20.10,780.39
2025-04-19,1,407.92,48.95,15.16,0.00,472.03
2025-04-20,1,10220.98,511.05,31.32,0.00,10763.35
2025-04-20,1,8658.20,1558.48,48.27,432.91,9832.04
2025-04-21,1,7435.95,371.80,16.95,371.80,7452.90
2025-04-21,1,6042.41,725.09,4.43,302.12,6469.81
2025-04-21,1,2818.04,338.16,113.58,0.00,3269.78
2025-04-22,1,24112.29,4340.21,175.54,723.37,27904.67
2025-04-23,1,4693.17,234.66,0.83,0.00,4928.66
2025-04-23,1,9615.87,1730.86,2508.19,0.00,13854.92
2025-04-25,1,9691.14,484.56,10.08,484.56,9701.22
2025-04-25,1,9292.74,464.64,26.64,0.00,9784.02
2025-04-25,1,6948.70,833.84,14.48,0.00,7797.02
2025-04-26,1,3133.30,156.66,14.22,156.66,3147.52
2025-04-26,1,2152.71,258.33,26.71,0.00,2437.75
2025-04-27,1,7750.87,930.10,26.34,0.00,8707.31
2025-04-27,1,12280.02,1473.60,16.50,368.40,13401.72
2025-04-28,1,2088.88,104.44,18.62,104.44,2107.50
2025-04-29,1,2754.18,495.75,26.20,82.63,3193.50
2025-04-30,1,7378.85,1328.19,25.14,0.00,8732.18
2025-04-30,1,11696.91,584.85,84.77,0.00,12366.53
2025-05-02,1,2445.01,440.10,13.49,122.25,2776.35
2025-05-02,1,931.25,46.56,9.27,0.00,987.08
2025-05-02,1,9508.77,475.44,31.27,0.00,10015.48
2025-05-03,1,2438.07,438.85,60.97,0.00,2937.89
2025-05-03,1,419037.94,20951.90,1091.01,0.00,441080.85
2025-05-03,1,929.17,111.50,14.76,46.46,1008.97
2025-05-03,1,4703.89,846.70,25.16,0.00,5575.75
2025-05-04,1,7039.29,351.96,14.05,0.00,7405.30
2025-05-04,1,2051.15,246.14,26.25,102.56,2220.98
2025-05-05,1,335361.01,16768.05,1011.51,0.00,353140.57
2025-05-05,1,1367.38,164.09,10.35,41.02,1500.80
2025-05-06,1,4329.16,216.46,33.96,129.87,4449.71
2025-05-06,1,5845.51,1052.19,45.20,0.00,6942.90
2025-05-06,1,26520.60,4773.71,123.98,1326.03,30092.26
2025-05-06,1,1685.91,84.30,42.61,0.00,1812.82
2025-05-07,1,18770.89,2252.51,178.09,563.13,20638.36
2025-05-07,1,628963.48,113213.43,296.47,18868.90,723604.48
2025-05-07,1,4613.85,553.66,37.80,138.42,5066.89
2025-05-08,1,2314.97,115.75,11.49,0.00,2442.21
2025-05-09,1,85.12,15.32,10.73,2.55,108.62
2025-05-09,1,5002.20,250.11,12.12,150.07,5114.36
2025-05-09,1,2370.16,118.51,14.28,0.00,2502.95
2025-05-11,1,2238.01,402.84,16.54,111.90,2545.49
2025-05-11,1,2066.45,103.32,40.35,61.99,2148.13
2025-05-11,1,22412.54,1120.63,99.42,0.00,23632.59
2025-05-12,1,18744.91,2249.39,116.91,0.00,21111.21
2025-05-12,1,4004.61,480.55,29.77,0.00,4514.93
2025-05-12,1,367518.72,66153.37,1013.31,18375.94,416309.46
2025-05-13,1,753890.28,37694.51,3878.38,0.00,795463.17
2025-05-13,1,5316.93,265.85,66.03,0.00,5648.81
2025-05-13,1,4649.89,836.98,36.75,139.50,5384.12
2025-05-13,1,739356.14,88722.74,155.97,0.00,828234.85
2025-05-14,1,108662.58,13039.51,3754.88,3259.88,122197.09
2025-05-14,1,4327.58,216.38,8.15,129.83,4422.28
2025-05-14,1,645752.25,32287.61,3003.93,0.00,681043.79
2025-05-15,1,3443.57,619.84,37.68,0.00,4101.09
2025-05-15,1,4839.63,580.76,16.78,0.00,5437.17
2025-05-15,1,9551.31,477.57,13.39,477.57,9564.70
2025-05-16,1,6066.71,1092.01,19.40,182.00,6996.12
2025-05-17,1,292787.69,14639.38,3078.75,8783.63,301722.19
2025-05-18,1,6596.83,329.84,20.50,0.00,6947.17
2025-05-18,1,3432.57,171.63,40.61,102.98,3541.83
2025-05-18,1,1427.06,171.25,26.76,42.81,1582.26
2025-05-18,1,2919.42,145.97,30.85,0.00,3096.24
2025-05-18,1,7135.86,856.30,36.22,0.00,8028.38
2025-05-19,1,7954.11,1431.74,30.43,238.62,9177.66
2025-05-19,1,6817.50,1227.15,66.50,0.00,8111.15
2025-05-19,1,22757.87,4096.42,174.63,682.74,26346.18
2025-05-19,1,3056.18,550.11,11.10,152.81,3464.58
2025-05-20,1,585884.48,70306.14,483.62,0.00,656674.24
2025-05-20,1,56693.54,6803.22,2939.96,2834.68,63602.04
2025-05-20,1,2268.24,272.19,8.93,0.00,2549.36
2025-05-21,1,32791.62,3934.99,57.60,983.75,35800.46
2025-05-21,1,6725.15,336.26,17.67,0.00,7079.08
2025-05-21,1,447841.15,80611.41,2669.35,13435.23,517686.68
2025-05-21,1,46428.07,2321.40,3551.66,1392.84,50908.29
2025-05-21,1,29274.84,1463.74,156.60,0.00,30895.18
2025-05-22,1,7247.42,869.69,6.23,217.42,7905.92
2025-05-22,1,6603.05,792.37,12.09,0.00,7407.51
2025-05-23,1,6083.37,1095.01,19.71,0.00,7198.09
2025-05-23,1,6783.17,813.98,121.68,203.50,7515.33
2025-05-24,1,1830.85,329.55,2.64,54.93,2108.11
2025-05-24,1,335674.73,16783.74,4029.19,0.00,356487.66
2025-05-25,1,13330.26,666.51,57.56,666.51,13387.82
2025-05-25,1,1057.03,126.84,18.88,31.71,1171.04
2025-05-26,1,5353.86,642.46,0.39,0.00,5996.71
2025-05-26,1,12328.36,1479.40,1.53,0.00,13809.29
2025-05-26,1,2447.31,293.68,29.05,122.37,2647.67
2025-05-28,1,366.15,43.94,32.71,18.31,424.49
2025-05-28,1,4301.08,774.19,47.31,0.00,5122.58
2025-05-29,1,3750.57,450.07,11.82,0.00,4212.46
2025-05-30,1,7238.22,868.59,22.22,217.15,7911.88
2025-05-30,1,3536.44,176.82,38.48,106.09,3645.65
2025-06-01,1,10281.40,1233.77,50.27,308.44,11257.00
2025-06-02,1,3755.49,187.77,12.92,0.00,3956.18
2025-06-02,1,5388.65,969.96,32.15,269.43,6121.33
2025-06-03,1,2153.14,107.66,34.10,0.00,2294.90
2025-06-03,1,1858.54,334.54,4.54,0.00,2197.62
2025-06-03,1,9312.70,465.63,11.51,0.00,9789.84
2025-06-03,1,55342.45,9961.64,4006.45,0.00,69310.54
2025-06-04,1,1683.81,303.09,32.75,50.51,1969.14
2025-06-04,1,7078.64,1274.16,126.25,353.93,8125.12
2025-06-04,1,12212.85,2198.31,159.42,610.64,13959.94
2025-06-05,1,953.36,171.60,20.19,0.00,1145.15
2025-06-06,1,1178.78,141.45,21.61,0.00,1341.84
2025-06-06,1,219387.25,26326.47,1692.60,10969.36,236436.96
2025-06-06,1,1434.58,71.73,9.58,0.00,1515.89
2025-06-06,1,11254.40,562.72,30.71,0.00,11847.83
2025-06-06,1,45027.54,8104.96,150.11,1350.83,51931.78
2025-06-07,1,5958.08,297.90,53.59,297.90,6011.67
2025-06-07,1,330.79,39.69,33.05,16.54,386.99
2025-06-07,1,7603.70,1368.67,26.87,0.00,8999.24
2025-06-09,1,3595.80,431.50,21.86,107.87,3941.29
2025-06-12,1,516.36,92.94,29.71,0.00,639.01
2025-06-12,1,17530.15,876.51,145.94,876.51,17676.09
2025-06-12,1,4698.76,845.78,0.02,140.96,5403.60
2025-06-12,1,178925.13,8946.26,0.22,5367.75,182503.86
2025-06-12,1,6725.55,1210.60,49.33,201.77,7783.71
2025-06-13,1,3470.81,173.54,0.86,0.00,3645.21
2025-06-13,1,5699.12,683.89,11.30,284.96,6109.35
2025-06-14,1,12491.57,2248.48,15.41,374.75,14380.71
2025-06-16,1,5623.93,674.87,128.11,0.00,6426.91
2025-06-17,1,4618.35,554.20,16.83,138.55,5050.83
2025-06-17,1,2671.02,133.55,14.97,0.00,2819.54
2025-06-17,1,14666.03,1759.92,27.46,0.00,16453.41
2025-06-18,1,6518.90,1173.40,32.19,0.00,7724.49
2025-06-18,1,3821.09,687.80,25.05,191.05,4342.89
2025-06-19,1,6607.66,1189.38,52.42,0.00,7849.46
2025-06-19,1,1700.18,306.03,1.84,0.00,2008.05
2025-06-19,1,4341.92,217.10,31.46,0.00,4590.48
2025-06-20,1,23264.60,4187.63,31.52,0.00,27483.75
2025-06-20,1,2817.39,338.09,39.39,0.00,3194.87
2025-06-20,1,5172.20,931.00,36.65,258.61,5881.24
2025-06-21,1,3182.45,159.12,42.02,0.00,3383.59
2025-06-21,1,23473.63,4225.25,64.65,0.00,27763.53
2025-06-23,1,2415.30,120.77,39.37,72.46,2502.98
2025-06-24,1,2572.56,308.71,2.66,77.18,2806.75
2025-06-25,1,21090.59,1054.53,22.49,1054.53,21113.08
2025-06-25,1,6823.96,818.88,46.07,341.20,7347.71
2025-06-26,1,641.66,115.50,12.83,19.25,750.74
2025-06-27,1,7579.95,379.00,11.26,0.00,7970.21
2025-06-28,1,4090.28,736.25,11.40,204.51,4633.42
2025-06-29,1,551.81,99.33,19.01,0.00,670.15
2025-06-29,1,260588.23,13029.41,2934.04,0.00,276551.68
2025-06-29,1,8513.92,425.70,42.07,0.00,8981.69
2025-06-30,1,7012.22,1262.20,18.92,0.00,8293.34
2025-06-30,1,9182.77,459.14,39.38,275.48,9405.81
2025-06-30,1,36173.48,1808.67,81.55,1085.20,36978.50
2025-06-30,1,130.64,15.68,7.45,6.53,147.24
2025-07-02,1,1511.73,181.41,22.45,75.59,1640.00
2025-07-02,1,3888.95,194.45,0.26,0.00,4083.66
2025-07-02,1,13478.71,1617.45,144.01,673.94,14566.23
2025-07-03,1,3572.89,428.75,33.59,178.64,3856.59
2025-07-03,1,4077.41,203.87,21.88,203.87,4099.29
2025-07-03,1,380253.44,19012.67,3208.94,0.00,402475.05
2025-07-04,1,9272.74,1112.73,31.05,278.18,10138.34
2025-07-04,1,2220.23,399.64,43.32,0.00,2663.19
2025-07-04,1,16704.15,3006.75,175.62,835.21,19051.31
2025-07-04,1,29278.82,3513.46,47.36,1463.94,31375.70
2025-07-05,1,4621.58,231.08,11.05,231.08,4632.63
2025-07-05,1,17090.39,3076.27,148.11,854.52,19460.25
2025-07-05,1,2563.06,128.15,27.77,0.00,2718.98
2025-07-06,1,7225.89,361.29,38.67,0.00,7625.85
2025-07-06,1,250.90,12.55,65.83,12.55,316.73
2025-07-07,1,7965.36,1433.76,7.45,0.00,9406.57
2025-07-07,1,533228.52,95981.13,309.31,26661.43,602857.53
2025-07-08,1,2907.58,145.38,36.70,145.38,2944.28
2025-07-09,1,7529.50,1355.31,0.10,0.00,8884.91
2025-07-09,1,3315.97,596.87,10.79,165.80,3757.83
2025-07-10,1,3580.48,644.49,52.59,107.41,4170.15
2025-07-12,1,7006.29,350.31,39.42,0.00,7396.02
2025-07-12,1,7068.71,353.44,38.83,212.06,7248.92
2025-07-12,1,369.47,66.50,18.30,0.00,454.27
2025-07-13,1,7926.09,396.30,29.06,396.30,7955.15
2025-07-14,1,6239.59,748.75,4.02,187.19,6805.17
2025-07-14,1,1521.15,182.54,29.77,45.63,1687.83
2025-07-15,1,4978.21,896.08,35.13,0.00,5909.42
2025-07-15,1,458823.41,82588.21,1229.41,0.00,542641.03
2025-07-15,1,305215.11,36625.81,2611.38,0.00,344452.30
2025-07-17,1,1811.02,90.55,0.04,0.00,1901.61
2025-07-17,1,763.33,137.40,17.98,22.90,895.81
2025-07-18,1,1717.64,309.18,24.60,85.88,1965.54
2025-07-18,1,15593.19,1871.18,111.38,467.80,17107.95
2025-07-18,1,681729.16,34086.46,1280.13,0.00,717095.75
2025-07-18,1,4786.24,861.52,3.06,0.00,5650.82
2025-07-18,1,923.60,110.83,44.56,27.71,1051.28
2025-07-19,1,5455.88,272.79,9.78,0.00,5738.45
2025-07-19,1,25764.08,1288.20,162.84,772.92,26442.20
2025-07-20,1,60351.44,7242.17,475.93,0.00,68069.54
2025-07-21,1,34.91,6.28,34.92,0.00,76.11
2025-07-21,1,10140.48,1216.86,5.04,0.00,11362.38
2025-07-22,1,3287.95,164.40,43.27,164.40,3331.22
2025-07-22,1,686.64,34.33,11.00,34.33,697.64
2025-07-23,1,439.30,21.97,7.90,0.00,469.17
2025-07-24,1,31554.42,3786.53,83.33,1577.72,33846.56
2025-07-24,1,4046.92,202.35,48.03,121.41,4175.89
2025-07-24,1,6361.03,318.05,30.05,190.83,6518.30
2025-07-25,1,124.74,22.45,65.19,3.74,208.64
2025-07-25,1,21474.18,3865.35,37.50,0.00,25377.03
2025-07-25,1,6394.91,1151.08,176.65,0.00,7722.64
2025-07-26,1,3853.63,192.68,4.57,0.00,4050.88
2025-07-27,1,4056.61,730.19,18.26,0.00,4805.06
2025-07-27,1,6651.68,332.58,12.89,0.00,6997.15
2025-07-28,1,3989.68,478.76,10.68,0.00,4479.12
2025-07-28,1,4052.72,486.33,31.36,0.00,4570.41
2025-07-28,1,2350.86,423.15,6.08,70.53,2709.56
2025-07-30,1,4406.94,793.25,47.44,0.00,5247.63
2025-07-31,1,231504.84,41670.87,1201.46,0.00,274377.17
2025-08-01,1,559003.17,27950.16,3469.28,16770.10,573652.51
2025-08-01,1,3979.48,477.54,26.27,0.00,4483.29
2025-08-02,1,5423.82,650.86,14.03,271.19,5817.52
2025-08-02,1,2204.75,264.57,30.31,0.00,2499.63
2025-08-02,1,3527.03,634.87,64.04,105.81,4120.13
2025-08-03,1,4692.69,234.63,0.27,0.00,4927.59
2025-08-03,1,3086.35,154.32,37.06,0.00,3277.73
2025-08-04,1,133.08,6.65,45.55,6.65,178.63
2025-08-04,1,46906.12,8443.10,146.33,2345.31,53150.24
2025-08-05,1,26939.22,4849.06,165.94,0.00,31954.22
2025-08-05,1,1087572.21,195763.00,343.18,54378.61,1229299.78
2025-08-07,1,76272.50,9152.70,2798.20,0.00,88223.40
2025-08-07,1,19445.38,972.27,51.82,0.00,20469.47
2025-08-08,1,6759.84,1216.77,27.31,337.99,7665.93
2025-08-10,1,234253.35,11712.67,349.47,0.00,246315.49
2025-08-10,1,9450.87,1134.10,41.61,0.00,10626.58
2025-08-10,1,4716.53,565.98,18.12,141.50,5159.13
2025-08-11,1,26956.96,1347.85,112.19,1347.85,27069.15
2025-08-12,1,124.06,22.33,24.61,0.00,171.00
2025-08-13,1,1562.24,281.20,2.78,78.11,1768.11
2025-08-13,1,282362.86,50825.31,1286.98,14118.14,320357.01
2025-08-14,1,1023.56,184.24,20.74,51.18,1177.36
2025-08-14,1,16195.04,2915.11,26.40,0.00,19136.55
2025-08-15,1,3386.73,169.34,6.23,169.34,3392.96
2025-08-15,1,10707.46,535.37,9.11,321.22,10930.72
2025-08-16,1,2622.68,314.72,12.48,131.13,2818.75
2025-08-17,1,8673.23,433.66,18.82,433.66,8692.05
2025-08-17,1,13944.77,2510.06,102.36,697.24,15859.95
2025-08-18,1,1929.17,231.50,27.79,96.46,2092.00
2025-08-19,1,22426.45,2691.17,163.14,0.00,25280.76
2025-08-20,1,493.48,24.67,32.08,14.80,535.43
2025-08-22,1,7026.72,1264.81,22.15,210.80,8102.88
2025-08-24,1,4115.49,205.77,26.53,123.46,4224.33
2025-08-26,1,25461.38,4583.05,94.36,1273.07,28865.72
2025-08-27,1,7569.55,1362.52,34.54,378.48,8588.13
2025-08-27,1,4864.01,583.68,33.30,0.00,5480.99
2025-08-27,1,5874.87,1057.48,7.57,0.00,6939.92
2025-08-27,1,2586.02,310.32,24.87,0.00,2921.21
2025-08-28,1,4433.33,798.00,31.61,133.00,5129.94
2025-08-28,1,526.00,94.68,39.73,15.78,644.63
2025-08-28,1,13746.31,2474.34,11.58,0.00,16232.23
2025-08-28,1,3716.58,185.83,36.21,111.50,3827.12
2025-08-29,1,2791.83,139.59,93.55,139.59,2885.38
2025-08-30,1,197190.32,23662.84,52.93,0.00,220906.09
2025-08-30,1,6521.63,782.60,7.13,0.00,7311.36
2025-09-02,1,888.36,106.60,13.05,0.00,1008.01
2025-09-03,1,10272.42,1849.04,0.30,513.62,11608.14
2025-09-03,1,4022.10,482.65,1.04,201.11,4304.68
2025-09-04,1,252233.35,45402.00,601.96,7567.00,290670.31
2025-09-04,1,8217.21,986.07,25.05,246.52,8981.81
2025-09-06,1,4832.46,869.84,44.95,0.00,5747.25
2025-09-06,1,162479.24,29246.26,887.95,0.00,192613.45
2025-09-06,1,3374.47,168.72,24.65,0.00,3567.84
2025-09-06,1,1778.21,320.08,33.44,0.00,2131.73
2025-09-07,1,875.47,43.77,10.85,0.00,930.09
2025-09-07,1,7052.04,1269.37,21.16,0.00,8342.57
2025-09-08,1,11325.31,2038.56,2.46,0.00,13366.33
2025-09-08,1,358102.98,17905.15,777.23,17905.15,358880.21
2025-09-08,1,1037.42,186.74,36.29,31.12,1229.33
2025-09-08,1,39902.14,7182.39,30.65,0.00,47115.18
2025-09-09,1,50342.64,2517.13,31.24,0.00,52891.01
2025-09-09,1,116331.99,13959.84,3075.80,0.00,133367.63
2025-09-10,1,307892.04,55420.57,2776.68,0.00,366089.29
2025-09-10,1,6121.85,306.09,46.18,306.09,6168.03
2025-09-11,1,12115.31,1453.84,36.20,605.77,12999.58
2025-09-11,1,3121.66,561.90,42.92,0.00,3726.48
2025-09-12,1,8517.65,1022.12,1.61,255.53,9285.85
2025-09-12,1,5761.71,691.41,157.56,0.00,6610.68
